{"stats":{"minecraft:crafted":{"minecraft:wooden_sword":1,"minecraft:acacia_planks":8,"minecraft:stick":4},"minecraft:used":{"minecraft:wooden_sword":6},"minecraft:picked_up":{"minecraft:wooden_sword":2,"minecraft:acacia_log":2,"minecraft:dirt":1},"minecraft:mined":{"minecraft:grass":1,"minecraft:acacia_log":2,"minecraft:grass_block":1},"minecraft:custom":{"minecraft:time_since_rest":1788,"minecraft:play_time":6916,"minecraft:sprint_one_cm":11831,"minecraft:walk_one_cm":10590,"minecraft:damage_taken":749,"minecraft:deaths":3,"minecraft:walk_under_water_one_cm":6751,"minecraft:drop":1,"minecraft:jump":150,"minecraft:damage_dealt":242,"minecraft:leave_game":1,"minecraft:time_since_death":1766,"minecraft:walk_on_water_one_cm":10063,"minecraft:total_world_time":6916,"minecraft:interact_with_crafting_table":1,"minecraft:fall_one_cm":2994,"minecraft:fly_one_cm":10621},"minecraft:dropped":{"minecraft:wooden_sword":1},"minecraft:killed_by":{"minecraft:zombie":1,"minecraft:player":1}},"DataVersion":3120}