{"stats":{"minecraft:crafted":{"minecraft:oak_planks":24,"minecraft:stone_axe":1,"minecraft:crafting_table":1,"minecraft:stick":8,"minecraft:stone_pickaxe":1,"minecraft:wooden_pickaxe":1},"minecraft:used":{"minecraft:stone_axe":12,"minecraft:dirt":5,"minecraft:crafting_table":1,"minecraft:wooden_pickaxe":22},"minecraft:picked_up":{"minecraft:wooden_sword":1,"minecraft:acacia_planks":4,"minecraft:acacia_log":5,"minecraft:wheat_seeds":1,"minecraft:oak_log":6,"minecraft:dirt":6,"minecraft:cobblestone":17},"minecraft:mined":{"minecraft:grass":4,"minecraft:acacia_log":6,"minecraft:grass_block":2,"minecraft:oak_log":6,"minecraft:dirt":3,"minecraft:stone":17},"minecraft:custom":{"minecraft:time_since_rest":5546,"minecraft:play_time":5546,"minecraft:sprint_one_cm":10071,"minecraft:damage_taken":134,"minecraft:walk_one_cm":7518,"minecraft:sneak_time":20,"minecraft:walk_under_water_one_cm":532,"minecraft:drop":1,"minecraft:jump":74,"minecraft:damage_dealt":169,"minecraft:time_since_death":5546,"minecraft:walk_on_water_one_cm":1815,"minecraft:total_world_time":5546,"minecraft:player_kills":1,"minecraft:swim_one_cm":2237,"minecraft:interact_with_crafting_table":3,"minecraft:fall_one_cm":1254,"minecraft:fly_one_cm":11969},"minecraft:dropped":{"minecraft:wooden_sword":1},"minecraft:killed":{"minecraft:player":1}},"DataVersion":3120}